name,email
Kristin Meyers,klopez@example.org
Manuel Jackson,joseph22@example.net
Ashley Cox,eileen64@example.com
Austin Diaz,michaelmiranda@example.org
Adam Garcia,karenduke@example.org
Katherine Anderson,gbuck@example.net
Yvonne Martinez,angelarodriguez@example.org
Dr. Mandy Williams,davidrussell@example.org
Walter Gilmore,twilliams@example.com
Timothy Gray,bryanshaw@example.org
Vincent White II,edward97@example.com
Cynthia Wells,jonathan42@example.net
Amanda Johnson,yhamilton@example.com
Rachel Smith,theodore36@example.net
Jennifer Little,maddennina@example.net
Scott Williams,james48@example.net
Erin Davidson,omoreno@example.net
Kyle Mcdonald,cmorris@example.org
Laura Hernandez,katherine13@example.org
Janet Warren,cathyherrera@example.org
